scenario_id,P80,fines_frac,oversize_frac,R95,R50_fines,R50_oversize
0,120.852192208155,0.120046255983714,0.2083725779612633,810.7065720402268,781.9263629664345,346.4976059065608
1,113.6680322946072,0.0482190336664839,0.158274063794075,198.65360354222264,213.3915717051961,98.78120517195165
2,149.74091418263913,0.1213431441019729,0.384066691029278,933.5279584604732,935.6850006875225,396.39207473837644
3,162.2274515530038,0.0087324842879363,0.5431837388920505,581.6074334163837,667.035218419665,312.7552304558875
4,137.9786070512434,0.0471560000551627,0.3573369945607921,185.92555213964127,218.15972305084324,90.74285139333341
5,189.0651497251165,0.0043395415636242,0.687069789194361,398.21283552020964,525.3937787369024,233.7494817198562
6,195.38440847253588,0.0031001027637875,0.7316386932968584,492.5349819308177,610.5622994351673,277.6164118310108
7,219.53964298030667,0.0018690941468589,0.8135505516966026,125.88631745795965,177.83634945227197,73.41337141447782
8,189.3704440384114,0.0037288447648318,0.701239501312486,431.6587876473716,540.9470904994528,248.10153975153213
9,150.9138023808722,0.0142179710341994,0.4388655149972576,607.1973058222851,678.0705034893825,315.50845092879956
10,113.5369684869888,0.1289598614932483,0.1516116673901069,1034.2962292511736,950.9290253655334,438.94449959910844
11,171.62378032017818,0.006770928167173,0.6030322178931381,156.54380477529816,199.8991219713327,84.68503266173826
12,131.06958856339946,0.0761538644712885,0.227923198450202,936.1325326923491,901.4831206738053,407.16331689421384
13,191.8346854928766,0.0047979121247374,0.6895841389433379,525.4354573999274,636.8843358906323,286.46965016625836
14,128.5290632027196,0.0961435555535501,0.3111063813686652,133.94008555281562,141.29118586877328,61.566673205576414
15,152.10261535892178,0.0106352523146893,0.4605132468523096,481.8202244326433,563.0617134767034,268.04306471131974
16,199.1301695649494,0.0027934402212534,0.7425139995755349,46.64957802670082,66.44606266701514,26.71376568299669
17,149.88123793516107,0.1112559914502415,0.3947315693390355,138.31106597680875,155.06603404019023,64.39957329728061
18,205.32007449232717,0.0026607757763139,0.7662496503868672,50.65879470967786,72.19964394611883,30.314661441401782
19,209.3546703772728,0.0024544471644216,0.7820132582950627,97.06930712930598,133.47493610869552,56.67608064574539
20,120.95442137602237,0.1383897349528218,0.2742894161558224,182.17591995103413,184.78747314108955,78.48533828615027
21,218.68877910820305,0.0021045400221172,0.8077538619801017,364.1353847248114,505.72881297083467,220.93757941185373
22,174.07332519613453,0.0069435939544713,0.6134630515695825,112.19002531653051,146.21063829617958,63.30956970591561
23,199.01903494393883,0.003686398800976,0.7230049675852177,136.37820239064231,182.6485129382013,76.00553894840974
24,123.9325371848762,0.0319380478429326,0.232906367187932,70.12679949275952,75.7220362366169,35.76546365158217
25,151.19416333322798,0.013438901419322,0.4550566291359136,67.94935929100303,80.81918197920592,38.00334323009295
26,123.8215573080457,0.1011760421750526,0.1949423625562723,239.5403202179844,244.52550605831593,107.65937487658047
27,173.39903555615209,0.0078662842349987,0.6010765489010795,58.87906952098862,75.33764594744983,32.77386173962609
28,151.3637413359255,0.0949307106956459,0.402862846225211,236.5382459992402,261.3427778959206,111.96011394368566
29,144.2691234787177,0.0348209740451994,0.3861494508223068,65.85375179818047,78.16550401270422,33.01540025516537
30,145.91716990589998,0.0156458916317213,0.4006840876989288,63.262139068855156,71.81859786550221,33.44969023177246
31,120.67013680830706,0.0385910967689768,0.2031896746443261,72.36094680338678,75.72058784408208,37.034127338604435
32,165.15520797749832,0.0276135840286586,0.4887405972102703,163.46126363516373,214.29024944287104,87.56777230641299
33,131.32326528444605,0.1732648240380787,0.2392551661036299,109.22716147021055,104.1895818363473,46.374368593555076
34,212.49058074738625,0.0025345558236791,0.7828220506819321,89.29745531836994,129.1834206161415,52.04150679337986
35,226.9751436091948,0.0017385706802919,0.8253849490172159,402.5530496424931,560.474890741383,246.80560290603486
36,123.33958201438458,0.109752377414212,0.2869349790296096,662.8308191257013,690.6066223143632,288.5619118842392
37,209.45248961498132,0.0026223910850635,0.7757200569286772,47.701495729173885,68.47047516012778,27.284471210069118
38,190.197955299799,0.0043414799436489,0.6949974265451935,455.9140370971895,562.5551714157257,256.23142455876683
39,114.63661624928493,0.2226308202002688,0.2665191296565702,276.4872205948022,264.67560337990125,110.36661200702358
40,186.274912596688,0.0045940113262372,0.6720696914295081,402.8132407689267,523.9350388147225,236.05941318000166
41,119.69834139020972,0.1192295040791246,0.1997980311936539,935.015673649868,897.2132915977738,398.3805913171891
42,144.91593524783934,0.0135552676223715,0.4032681850259175,118.58575163584875,142.83123916883716,63.17214237964945
43,107.241646227543,0.0591205756614642,0.1174787189484817,636.9638778222122,623.5415803623274,308.87825453313957
44,145.8981193530621,0.0195069810942061,0.4434328310869631,542.9115144946172,613.5919191624322,287.36494414682556
45,118.76130380983176,0.1273117899357277,0.1895747376569013,947.1463435959512,892.8334991088901,399.15983772818305
46,147.63797057162895,0.0150145559311708,0.4127929056817588,589.0875947388297,643.5386546527146,301.4114172044085
47,195.39172793759445,0.0042972835430261,0.7096678773747667,139.29732830692114,182.91319644487896,79.07289726124766
48,190.6044184706008,0.0048735166523809,0.6913972308741987,49.80259302219335,68.53774341258928,29.06941379237694
49,183.22652603150823,0.0041652990423916,0.6551638965389687,89.54277697362477,121.83860448507343,51.81322842382299
50,159.08323665940796,0.0149239522479297,0.5065863519317265,596.7308303841554,660.0736712040216,313.43881020758215
51,153.16856583707911,0.0811331970994269,0.4160462031203174,653.8402124921919,702.5300557951183,291.111488772132
52,139.25488286873667,0.0179957152020698,0.3530504117080923,117.40440591584118,141.29170789516792,65.2134395086684
53,126.27207482777288,0.0317265926240862,0.2450858671972055,193.58139124582448,209.78548408822445,96.75372862613492
54,207.38542132496684,0.0025876420161302,0.7737366281564404,95.25659355907013,134.45044114292764,56.19199749792968
55,168.78104095679092,0.0079491739993332,0.5785517261747603,159.9155934221834,202.65757373374186,89.05565166760944
56,176.54051865405177,0.0064596128634332,0.6259132207435177,491.6188603545969,586.3936962538198,270.65647285879857
57,132.96283595914457,0.1784848474694347,0.243900123031693,909.2350807925421,829.7991175480496,363.13756749447987
58,151.56021792514787,0.014187952084517,0.4659520410228317,536.8180601044603,605.8012443210077,285.274694421554
59,157.34058959989946,0.054109322430464,0.4383471300350304,89.99042916405031,99.48047654788223,42.15836623783461
60,209.3953270927121,0.0025016712023878,0.7787936469893136,131.51347297903376,183.52507373387792,75.92249039246879
61,122.20058353203076,0.0956298822163965,0.2038182993616575,148.67186347903953,159.18455061675988,63.40116389007865
62,202.4844100346749,0.0031749172973608,0.7523080800600885,103.37886157944827,141.32311625220566,60.35137909531454
63,160.68984478321724,0.0099059435418518,0.5116836552067965,107.51836269846441,134.2213696451807,59.50053070695847
64,115.12876818257884,0.1825382036684654,0.1674881870652709,1025.4179220422916,890.763587192125,421.55253544506917
65,155.36165592338682,0.0110144358525633,0.493020009564203,595.0032536396681,667.8737191925962,314.1435475769625
66,155.4925498444274,0.0860048744980304,0.4221441555943674,811.1241959306949,850.7340770534084,350.7250060283452
67,225.1292871026372,0.0018267683071256,0.8268076372177184,83.17245039088756,126.54899231658271,49.384447586775224
68,159.8959975552974,0.0089513831054011,0.5259147240913867,581.8587403980249,681.2842638272118,312.3105914931547
69,204.4700479788765,0.0026587551805056,0.7603382336366924,130.7472919644739,182.43520357405188,75.33608181168016
70,131.51304384002455,0.0270310227090303,0.2861986909989813,568.1370931802633,604.1016170845315,291.74745670164543
71,116.302668914413,0.1645633807285662,0.1635162969842105,1083.144177865984,975.3727776598416,445.4393720632042
72,147.30557959286568,0.1209365750056111,0.3819434828799359,161.03857487453334,177.56328523006036,74.22434072811564
73,129.09613923703623,0.0218463356111098,0.271929328803972,536.2451444870766,588.2477279459027,275.98486175728226
74,170.96128637924798,0.0093984990586849,0.5805558343033675,63.08051391219114,76.20825127063392,34.393883148865726
75,168.42071662492353,0.0080266988387469,0.5825245572062061,164.63725771672867,203.71625195743638,90.20575011479966
76,155.28570258258006,0.072927835764572,0.4264987210764049,221.10385508671064,252.4406631516194,110.30266379629145
77,156.0017431182132,0.0117678390441809,0.4989786618600914,598.8265997310305,673.6532524260513,315.1897096133772
78,176.0898577290139,0.0069270152637093,0.6206418779009423,59.42814928405636,76.11743360367605,33.86764457726481
79,125.07658803617323,0.0299819506830307,0.2518322005021713,687.8593005461308,714.1042870172676,333.34352382008365
80,211.37426642536167,0.0024354096419979,0.780784297259358,47.599640566024334,67.24681399795695,27.399555956914718
81,119.3626389066403,0.0388773694352678,0.2009252819753222,191.4927467238093,211.45173615130523,97.34982753510876
82,186.94293782907735,0.0043574761820776,0.6830616225722492,528.7886895084016,638.4271682471806,290.33372879730734
83,166.09735051682216,0.0075723489562899,0.5743141429376493,158.60015553611225,198.32567277483002,88.42986343938406
84,114.4439718745686,0.1519347068527569,0.1758325633480182,879.3194385969526,815.618127217884,367.98361121312894
85,154.37749884480405,0.079602356619919,0.4155500498909842,91.26814359955894,97.07975051594079,42.220963567117366
86,124.8397518896133,0.1350694601426433,0.2919701366725464,96.10145578295358,97.21212790830802,41.715669977746984
87,150.11984477944384,0.1344718971173981,0.4022646046979401,259.5184134403793,267.99760459458867,119.05139218063368
88,132.16089732301185,0.026587031770817,0.3254659886733215,76.77439729115386,83.878097116832,39.65547199435372
89,222.59009717410652,0.0020540340236059,0.8151899836245124,52.47365624134504,75.99015529444475,31.753143735367633
90,118.26458714699916,0.0468105126640089,0.1909491421711129,140.95180624772271,145.26278141203267,68.25717338288183
91,202.32303483119887,0.0029426451497406,0.7510083692660507,134.3019834357527,182.47960771395697,76.57325825570052
92,157.1633457366879,0.0162804579845847,0.4983336714494401,71.8983893837512,81.10787122031425,37.370928768450796
93,119.0945039833564,0.0720452568889076,0.238979564299489,226.55691893123375,237.83723171699276,103.41521360887252
94,173.75222326811473,0.0073127842439179,0.608596873011161,160.07482666740475,202.02488968571566,88.36854654079846
95,211.9106129243944,0.0025678951693052,0.7782186181134141,138.25481103173132,190.5923181747408,79.92744039881708
96,137.60411201576795,0.0506504962937074,0.3534355381128615,124.60461927638725,143.1026372364674,60.6840114329758
97,109.53245071556324,0.1667208458132134,0.1618296361462158,871.353895771224,803.6424927367103,357.65131444134107
98,147.04236378874802,0.0120793479886056,0.4315486516963452,492.72464163766335,557.9846039800917,267.7114288528899
99,214.5707648301989,0.0023989837023579,0.798139703245051,55.60455810406309,79.76443493417064,32.611038602927614
100,128.74909088592136,0.0317010696077726,0.2609870688370603,603.817894406129,634.8197575179585,301.7488513865198
101,127.54204860340757,0.0318894126644938,0.2426978976937079,75.06865509673788,76.77439297498998,36.48878180785283
102,125.81718585760775,0.0325273389394458,0.2553566441487258,659.256861819826,683.7393672789058,329.1143662132631
103,125.6837579447595,0.1151848396738753,0.2938051982331472,726.0672495835954,740.1849792803271,318.611962565955
104,121.12325916972108,0.0927637800316099,0.1893554618168724,963.4942255709392,896.7821331798775,402.01912330422397
105,160.5312316241849,0.0097686636365044,0.5271358034579733,61.49568637765971,76.2598420623766,34.872050807530755
106,170.16134987104516,0.0085075336506502,0.583556220764956,157.76011450399253,198.1916791597593,85.57390539627478
107,152.21667711805569,0.0769219884812487,0.4095061476414346,126.86832292194396,143.9383636492157,58.585425071814406
108,183.5108563513008,0.0062803442408315,0.6517142196414426,557.9701067415085,649.2192711460752,301.0136110456525
109,163.87181440420275,0.0085548188855795,0.5316867379326522,106.30492627900489,133.848454937807,59.1956605373496
110,180.1914130265124,0.0065070895542952,0.6435045066289465,109.1622508933225,142.00539646021994,61.75308379320912
111,211.12664984227425,0.0024458698074273,0.7850397593890728,96.91462543665546,136.4606410407671,57.24711890311988
112,148.4734170423764,0.0604467388076435,0.3279039574342337,219.27651564872366,242.26144440438702,102.37880834167836
113,110.30556875048178,0.1759010919074904,0.1560573145267229,270.7118393483677,254.08975278525412,105.98680249115435
114,226.10036431718933,0.0018340369341837,0.8243774046203882,53.102027812287254,77.27908694126346,31.53641345621505
115,148.59472772025737,0.0151597642235266,0.4188576772805515,539.1140525786086,605.0295754152579,283.2482615707322
116,143.58877255286396,0.0748776532725223,0.2930839370611099,212.87515536768393,235.85414991103545,97.93419726387519
117,120.6306024838055,0.1172773174319204,0.189573254581572,167.99717719041803,171.96210521650062,72.0500188117289
118,141.9077059174577,0.0657292958022626,0.3599706617028323,128.23821537430524,142.52812661555657,61.21282717959154
119,159.07077568137902,0.013022854227334,0.5093776596442303,116.28055830693852,145.79932607938417,62.438656153786994
120,196.4199817234654,0.0044823668219818,0.7070871561369515,59.637966297400524,75.93752984358146,33.214024223757036
121,139.36134832841466,0.0161968470364262,0.3550292519963438,60.193333465109234,68.94702597324205,32.47212850126886
122,161.5081908327426,0.0073587495443526,0.5377575826457591,49.27757668358305,62.03843565571941,26.936428372052383
123,135.16784123164857,0.1060787499445335,0.3236629568604057,215.13229161634752,234.87010637718623,101.82907228406026
124,205.48060576552885,0.0030788512315823,0.7564205514819955,133.13057922483736,181.92196732984084,77.0355936527414
125,224.5183102000835,0.0017910590655647,0.82545883638118,86.09099534602092,127.65603597873596,51.100427959068405
126,111.04894657437984,0.0568947819550955,0.1484250131437538,734.0008563785116,726.976252290247,350.15100253743844
127,128.03966945412174,0.0711315128939648,0.2293881034067639,223.1009276539429,236.84906329248193,100.13115551894882
128,211.6322910887814,0.00229825951942,0.7784392311437027,130.46152243701653,173.9660936418583,74.90525262508311
129,147.1602727247134,0.0128379558348827,0.4179780256381039,521.1966828706494,603.5645792456634,277.4348995884799
130,199.89169122083177,0.0036096008263772,0.7268384247583904,99.00446926079874,133.7791283380859,55.2692170610792
131,172.77141881836323,0.007216670796109,0.612060733485318,64.30580242306976,82.43818700881333,36.43312146557016
132,127.20533613915656,0.029100139757349,0.2589770882398611,132.420447680847,151.3164496348884,69.90929954325497
133,146.00954383173422,0.0314500398445573,0.4001934979210504,101.96864562645541,127.68598114093541,50.530463232782296
134,197.8969948955217,0.0031980945205496,0.7279775716384544,405.92494505623574,521.2364436761328,235.47493887400603
135,176.02759627040157,0.007067411182071,0.6193255029579344,117.1319954403728,150.57724735632337,65.59286277362219
136,164.14860960187215,0.0110815516200557,0.5449765175366994,162.58149151328078,198.7633333224514,87.22520636483458
137,158.97376248902236,0.047863022773868,0.4550900627752759,711.4763415536786,800.1019784193636,327.08953029597865
138,111.5040672985098,0.1592929049986068,0.1683902943544495,161.88559253386703,160.53784641469665,66.88832641470262
139,156.0690314406326,0.0097614056702771,0.4838756142739903,521.1143278615325,599.859750378746,281.12805363088216
140,210.1543469375035,0.0024720017539256,0.7713264922509895,94.5936456313843,125.36178872059611,54.45557707044654
141,114.8935259410764,0.0502532753713713,0.1735977310244058,76.67883888810547,77.37466907349663,37.67511721304673
142,182.44009997045725,0.0056071658024458,0.6446247208895102,141.1642817377989,183.2580985567774,79.68308624017405
143,143.3722390148774,0.0690401216631746,0.2952581101125593,681.0872564061469,701.6521450156667,287.3048611052585
144,172.775891508592,0.0064686087953851,0.6059647104395398,106.98735627873765,144.4883185710701,59.91508389651899
145,173.73222557841967,0.0087555474038966,0.5874764880194921,60.8641554626472,77.10672654643909,34.07821721120095
146,110.8247400838716,0.1741518295318685,0.165484968387076,274.8131239483488,252.23564296674996,106.82694508816633
147,178.53145338026744,0.0067238940097574,0.6290965278741628,497.48746747696504,593.7864809230762,272.56016053762227
148,131.5490717753137,0.0760325968735641,0.3051588710066434,853.3369030462072,877.7270778583328,386.50613734981744
149,165.31004976002478,0.0120140842668333,0.5486189422695569,64.90051512630113,76.58483623251873,34.23229497798684
150,129.29011604245204,0.0872584638901622,0.3110014380875503,156.55069079023022,169.16208007123117,70.4532316635071
151,179.6232672566484,0.0062167446271066,0.6426588190796488,553.654029697833,654.5725386566422,304.14899965086727
152,148.992818848743,0.0116466179487879,0.4414501833882457,154.8345323098997,188.49514209707323,84.45866368850572
153,135.99162385827512,0.0236801782306992,0.3498054521395198,74.53513975296795,81.59896510269509,39.1219537191615
154,128.23315354311242,0.0310278863199192,0.2621836240918683,592.3282268234672,620.3258647536791,298.65594973650127
155,190.0467407346108,0.0047502920592664,0.6857417171317641,462.6356244926359,564.1074494955155,257.87435120889614
156,97.1890500698171,0.137938636012509,0.0801551511801803,107.65625744439271,96.59704148169017,40.21043037261171
157,155.6071114667401,0.0108582322568181,0.4764999512561136,107.18546344805162,133.1827539570884,59.636979062954545
158,137.48926780353406,0.1149465727457563,0.2505688429117143,230.69388712045915,226.48358693232157,96.72245395022044
159,192.49724644820867,0.0044817247262781,0.6966907343751884,142.20308696694886,186.5278866745712,81.27714947537012
160,133.4124343609632,0.0235747334361334,0.3124585684273466,648.2004582571134,684.5243046121838,325.4111022855538
161,155.32059309755334,0.0937703952066635,0.4260848946135312,726.2789183905263,752.3706733907427,311.77911778914046
162,169.55101975016976,0.0083830723594049,0.5836842493797166,510.71564856935623,588.3094745601622,276.7782196067096
163,109.87026122331557,0.1839425390344081,0.1560314310587289,930.6017022645115,839.9068342046435,391.1327497323201
164,128.26780628661243,0.0262876780561365,0.2566276997944117,60.80611371468112,68.28732413832996,32.13588163035782
165,138.36323718391557,0.1121167844018014,0.268487362995695,103.35458033068716,104.286129623325,43.963317575386114
166,153.27911868323037,0.0113857442957929,0.4593726568078981,57.57753545359024,68.49012724507772,32.65887567288813
167,109.93971235011378,0.1647498773527634,0.1537176485962057,914.2560038456853,852.6621675246151,374.56363982196
168,157.12541750179372,0.0157927203070169,0.498779421290608,73.99423606562746,82.05683496629385,39.286243553154904
169,161.68236718232563,0.0106805158787119,0.5374092555894817,122.24497364259084,153.47061902587075,66.74915940516323
170,221.53965231643545,0.0017847614451985,0.8197998826932565,359.57471405252437,503.98974415237524,215.50473878909784
171,156.0648568688355,0.0122816722545688,0.4922855364619327,168.9792905135093,203.34306979141195,88.97491315888473
172,109.90443208449524,0.0544318415669131,0.1283231837707133,626.7973272515994,620.4809148095408,301.5299917930401
173,182.0378270068767,0.0048951103756032,0.6589914499755457,148.4117956850047,193.30877220638473,83.228778504927
174,177.73353531534028,0.0052552833568962,0.633763772695784,107.02035359947928,142.97895145674877,61.23676709652877
175,214.50223271279503,0.002059564604143,0.8002439564272565,52.06729426003729,72.38870032588359,30.660056297806992
176,155.44880968174112,0.0874893362421181,0.4240689513841286,94.46760072747583,102.69107035266475,43.51353869349324
177,156.8053455634682,0.0531944093152638,0.4277488717937938,86.67098461324902,95.93832579015967,40.40269271280513
178,121.01677629829562,0.0412550328184538,0.2039306978943836,145.401757643216,153.3175165198017,71.03446278052562
179,145.99349029594126,0.0176619457409663,0.4241965173086869,124.71582877337423,150.84965336986866,65.23549546091257
180,121.5512402965205,0.1492993149166248,0.2847337372924048,776.3744676033562,796.8791172011294,334.04597620701327
181,135.36585421996935,0.0203433828484048,0.3158236754019872,126.92352951337031,144.8452305824118,65.02363157874738
182,105.62104541797524,0.0685705130042867,0.114720900278451,148.531378032933,157.07712579750424,74.02549689994775
183,156.96962934762277,0.0701609383957471,0.4339620566938148,123.02743654940062,145.6325594530803,57.29702683640265
184,116.50294939704398,0.187729153587923,0.27258284698938,255.4926939936621,247.3050509884083,106.85297411269033
185,152.58418472811962,0.1121230751237472,0.4110865288543031,783.1742215184343,838.057900789463,343.755353860837
186,160.4096486559623,0.0113857029498804,0.5224875323299735,170.67589242209272,204.36073335851924,92.9379484191572
187,174.90735835992132,0.0067068224598597,0.6159256474275822,54.80356592741349,73.3905447695095,30.793852112083243
188,170.74414267517534,0.006625049269055,0.5979448730067926,496.8545398546902,589.5810754721454,273.0109673646813
189,182.1379132865105,0.0052455452351337,0.6505571194883235,148.63892629519336,191.72501922404544,83.7741675158259
190,187.4957163198632,0.0035129106401455,0.6875654530370618,129.05119889638502,168.86433810057525,73.82866383286185
191,174.5639244401037,0.0063849799022353,0.6182196084615991,488.1573868404511,581.6921705962609,269.24411823282134
192,139.93892861458215,0.0223694847111387,0.3834668571919065,560.5307621949785,592.2724578309617,282.4068884856904
193,224.54379314761965,0.0018122842792612,0.8258546464857572,94.54435027640467,134.58135103776053,55.51542688354621
194,167.92183265343428,0.0209223992223226,0.5138257363865038,106.60641898723306,136.5420388431268,53.84143553578488
195,136.5151497072678,0.0176160600363245,0.33208647840314,591.5487747570594,649.5152135338152,310.60479314240484
196,222.77374347024443,0.0019793536949597,0.8197474415557281,123.809216765082,178.39545603341196,72.15410900349322
197,166.54820088154057,0.0087025389288552,0.5683723230933844,164.3377658945981,204.45704502549592,87.66005041504998
198,209.55657490819223,0.0024987536569851,0.7799011021734772,459.8652299429915,591.3814467053537,267.25850931512946
199,126.61809265190531,0.1035610827373275,0.2927207144526469,241.6387510940233,250.77360865376824,108.84925797673999
200,106.3247641864548,0.2038938822939336,0.1371795695786716,1023.9942440010044,900.4743976560995,439.7239839185445
201,175.10835480898874,0.0063012583901864,0.6254617227097656,59.229857717409274,79.68696285246997,33.08958638095033
202,218.1987333935852,0.002117223421672,0.8036046698143307,138.19305937278114,187.59711855355565,79.82612127624336
203,110.14656412118887,0.0599766491300586,0.1363393309077429,665.1469772659935,657.0136286397292,316.10241655104653
204,197.4711449657744,0.0030043652963649,0.7407039409852194,89.28926607161577,127.15171060653529,50.46311234186029
205,90.97143342294255,0.1619839225993139,0.0514740834867957,109.67065597627322,98.11617645632069,42.03689911493885
206,132.21414847940926,0.0815843099737154,0.3256722533066702,808.0597303630445,831.5319655066392,359.2235246528421
207,121.88619473890743,0.1187360477682153,0.1803828239509658,225.58396974580285,226.08143186752486,96.8973298940205
208,155.17580996957545,0.0091495570844049,0.4891488001494796,51.036091129472844,63.759917373461505,28.436135724086576
209,187.7200538401696,0.0053269197426629,0.6734384900188042,536.8244571250389,650.0677042822152,297.2333137858774
210,190.47403606917925,0.0051099831755731,0.6805592591379598,99.03863751723807,130.83256740089604,56.549036451161314
211,108.09834679465143,0.1847964016117992,0.1431412256598491,968.4193919949109,872.8020899074933,400.1992116931135
212,142.02963951424965,0.0712531488186964,0.2836934184562579,89.92534178811069,95.77512292343937,41.138801725515265
213,127.35954616502028,0.0991547517966748,0.2979676810081586,144.88544662832905,153.52877193282268,63.37440371193054
214,166.92052297462803,0.0109419767752726,0.5624773538380989,581.9542668551119,662.2701481046568,306.54890898754115
215,122.6315696074825,0.1309977268974415,0.2889629153114177,224.93367912978366,230.19867742525983,98.86854568549077
216,145.181423305025,0.1618552506910734,0.3693549752882489,929.2163662414106,894.4773413380702,382.9397488297295
217,223.73691611051544,0.0019368231653051,0.8194008347482632,53.969388011027924,78.18451008072395,31.87108882914754
218,144.72323817327148,0.0198856939198468,0.4091626089144042,555.5280657771752,602.4724320397945,284.98708599249056
219,210.31934231238083,0.0025065708559884,0.7850715284545003,130.67493134130018,180.19351343676084,75.38798338154047
220,221.46574073414345,0.0021361848934697,0.8129143494950332,52.00443328964854,73.40070041164559,30.328437792656864
221,177.70645665488632,0.0073186451282649,0.6193141592699771,497.56506857958044,582.6901032086462,271.5568356212265
222,152.49995245729485,0.0729591120495792,0.4041498065755985,693.9165395005953,741.1338675859505,303.2941954691498
223,171.01573163844083,0.0083322015039675,0.5901504765920084,502.17063346248716,581.4125353686736,272.7858888233953
224,190.98789854948728,0.0043050393513896,0.6929472078413279,134.96483046229085,180.28456743966956,76.71910907382536
225,156.86276239037628,0.0673738584413163,0.4371502123604624,639.1975907993036,707.9267797629896,286.9347932045473
226,162.79335395175178,0.0085229560885187,0.5477944780701723,55.36058588218062,68.47379822624035,30.217975557907984
227,145.06535476037462,0.0170500439217116,0.4168191339696047,541.6833087401028,595.5764352198161,281.99550639154216
228,195.81457707694625,0.0040071831783026,0.7151183253645589,495.08803220254623,622.593832434008,281.399646277992
229,204.6367878827484,0.0025812438142621,0.7634423592012533,92.23336452885822,130.66629211088076,54.15938122184524
230,164.4225583664189,0.0092287271882693,0.557468138537569,114.87891576261757,145.105209772293,64.20799634190855
231,186.73091007161045,0.0037672724264821,0.6794486186967265,98.17916382334532,127.68631951010487,54.78717838089597
232,126.0496064053174,0.1225070775225258,0.298713017268675,163.31617605700487,172.61569398191367,72.41368633053393
233,122.06261040171636,0.1126725861077612,0.2765093028359103,131.94482945400696,138.85117991180877,58.89244560838636
234,156.5479869460007,0.085434937940419,0.4343464294066413,710.5658305981278,737.9261418050471,309.61940638504495
235,166.87150612051187,0.0058764986579656,0.5776861232719954,461.8605950770401,555.2931032788114,260.7845910420808
236,182.39519420993489,0.0066036156834117,0.6488453133458245,62.77597258952629,80.03266397080456,35.55455419631671
237,132.69479558702125,0.1770331108421341,0.2509824090779611,864.8975113352096,805.0315129681394,347.3958086847949
238,150.33991670177673,0.0154295020257342,0.4510858303605923,173.84672887769534,207.2132096858806,93.51240046355659
239,122.94273501596022,0.0352815611181376,0.2214148903623001,71.84348512649798,76.32233140056616,35.919720856137566
240,139.13128112920154,0.0209579921483875,0.3448075065353002,666.1871728644434,709.5257029269543,329.4740561302556
241,158.73150329776644,0.0520064173773688,0.4375995517204489,172.7430108234012,211.01831992910942,85.28172549768924
242,87.97695759220358,0.1784132315997853,0.0519888666072014,110.13215990209365,97.27156575074413,43.52773857164417
243,126.84069059729684,0.1061275052630153,0.2979154861393302,245.70536025711155,256.02478495159335,110.04751382492108
244,170.72931943974191,0.006431548516647,0.5861402434987866,51.67628398745797,64.54109015025203,29.0038417300775
245,201.0013418774173,0.0028029134120741,0.7528141775254226,400.67433402604235,528.2460821879076,233.46346987677657
246,137.6114587803312,0.0189363495114002,0.3456979830876697,173.05231786949525,199.3270338893763,91.96313621927442
247,117.96933279359564,0.1337077418640656,0.2504195064425499,812.8649371581994,809.4047151115109,345.6211141768613
248,121.51127057337392,0.0339731363003239,0.2141025577102301,597.5733341410566,620.2840580496331,297.35246872874984
249,212.14982526977937,0.0025484230669593,0.7756437637630045,395.8713889128221,526.6665102459061,235.67563442980196
250,130.2739652001584,0.1792892161732573,0.2274788162532501,1110.125827422883,1014.1102296888417,467.92774187979336
251,181.4168967316053,0.0059531308755077,0.648543032111568,549.9467845545456,659.9955889750004,301.36575392300233
252,121.66258566030216,0.1349661646135485,0.2855505402784952,229.4918397432063,238.39918910429986,100.50989543087724
253,197.60200624076523,0.0032054493320052,0.7325426193869267,492.2500504873502,614.6961978041039,283.52226341902764
254,145.3880151049981,0.0510517861202575,0.3749762383555494,625.6537246046239,670.3123453454126,281.5205652112635
255,141.31738132814934,0.1080259521310234,0.2811573939435126,160.23579871761228,166.92289539094386,70.55716574647502
256,224.65954006011853,0.0017905166774808,0.8272227299696475,347.8558135948308,495.2125537437784,212.7769523458575
257,193.0190969377871,0.0040558973093644,0.7142719912707975,57.25809184371826,77.2575721183384,32.374294127931435
258,116.11401278500009,0.0872460599487527,0.2425814571803179,803.1302424624687,785.6889518357265,351.9681672645734
259,128.85867530330802,0.0856392132752347,0.3048983763126899,71.65223465326024,81.04664690661394,33.913574907559635
260,145.85378683242,0.029286734940574,0.3942967815285849,625.9910666419948,697.560751612596,292.7211282049197
261,152.40304207310135,0.012334795944033,0.4660891028024108,571.6209012208393,633.083238249282,297.9090741147862
262,178.69340668995764,0.0065401881292955,0.6321911101641189,153.1553787426384,194.5786361658951,83.51000829690835
263,186.44925607760612,0.0053559707357328,0.6715778216227614,469.3038959817991,585.3495976079613,264.41566148401114
264,222.7408623734184,0.0019567510409481,0.8203131204717637,131.3977017773317,189.21128637449345,78.37558157259886
265,152.97828020066726,0.0114693068642198,0.4619253416586308,157.28841094592818,188.67825980027214,85.98707075413489
266,118.70604785084254,0.1538666816444882,0.2727455594301178,261.0634993266207,260.0551736708092,112.03800337315997
267,143.60876235323713,0.0139293316409192,0.3839401609162017,56.80550482196505,67.50426151819676,31.076811364074473
268,140.1346169761008,0.0210063177981088,0.3867130904689408,646.0554012413112,691.287112396454,328.0410907178363
269,123.04601791288007,0.0835217555104585,0.2073650121041016,220.8345204259462,219.79952639659996,92.61332688401274
270,148.7497411602011,0.0169897857660215,0.4410118578902758,554.9492264676845,627.4117535905234,289.152777413811
271,213.2716773662624,0.0025092118535917,0.7872304331282148,389.97166270197584,512.9763623888489,232.58064659497404
272,182.68738655359203,0.0041720657024181,0.6619872068098419,98.49699002521245,126.38845573878751,55.76630741220115
273,126.63935912565164,0.115392427543321,0.3063237744172065,90.87835194658692,94.19963617526167,39.700195946757184
274,151.81936261329366,0.084073451719305,0.4077179444484335,630.6633888594977,685.0292359298619,278.2067070234924
275,142.89748803941865,0.0884246196818104,0.3048138643902068,240.74620138673535,253.47301758428864,110.309275486234
276,96.117504448331,0.1837694308064988,0.1783243422474249,149.88116965932858,149.72826683833472,64.69458081318282
277,194.4905965882556,0.0033987364273309,0.7218343769480724,428.19483840320015,547.7211070310921,247.20543590634213
278,150.4575877020826,0.1496196205536666,0.4047343319236833,110.8499503998947,111.10590236585283,48.81902870243365
279,156.3913299371926,0.0523536189672874,0.4310174002768961,86.47182626690113,95.78972016657535,41.43013025004246
280,106.94083342222515,0.1327701525970638,0.210661402861439,104.994150206842,102.19909558760162,41.99122008595485
281,189.5989828134076,0.0041631710186351,0.6922878809977684,96.2372666445528,128.66267102005958,54.910441017643834
282,167.6582823936,0.0079230036075417,0.5745858173107696,159.31881725195413,199.27196472227084,87.64803480922558
283,187.872193461596,0.0060251257225627,0.6675918385887231,150.03423320877252,202.51773038002443,87.4455324281934
284,106.0629600245602,0.2400871660474906,0.1638100464938741,315.3919813472404,284.94465633143943,118.41551513604973
285,111.94694580277012,0.0996490593675573,0.2308130508312511,155.68016866131285,162.96042114157862,69.58936330441678
286,144.2321800786468,0.0524594584060202,0.3612728197951038,705.5357050428039,716.0615900750417,308.7802555306998
287,168.67089517560234,0.0085648097171816,0.5747339523086964,62.103956626700445,79.39190342360081,35.05548667823035
288,112.8814923637308,0.0461544717504644,0.1515094180856058,131.53367533208427,149.77148571042534,69.487346968076
289,208.14239944222152,0.0029086386566456,0.7599636569017902,57.348186292541655,74.2904428719255,31.86245373188341
290,179.27118943173627,0.0053507889630325,0.635592754624056,142.08426458901735,177.51033709410584,78.89427635798108
291,168.13626171298466,0.0089057220666525,0.5728500627961054,509.9345864571334,592.9012277241143,277.06913891059475
292,207.82649966969723,0.002632060717653,0.7670305285897234,128.77044012145183,171.26866780422563,73.51896617960176
293,143.26076577953808,0.0157992612566918,0.3777525158843193,168.9666353029596,194.70383267649197,91.17314770231717
294,209.1624342377303,0.0026926530393576,0.7742823811273205,51.739445251302975,75.03890510545932,30.6079042731468
295,138.11226887703864,0.1164132899216556,0.2641777463334099,173.57248988064967,176.18072507029956,74.49411362259386
296,168.01703972820792,0.0077269607787861,0.5776172241600507,506.4164854863145,593.971093723758,276.83954759595184
297,89.18162654880847,0.1665364467313607,0.0550154556363014,1081.4442329500296,978.1489638747241,439.2598427998418
298,179.85353412677625,0.0049401410721014,0.6465142609679029,53.43151528210922,74.17916613460085,30.93486563348015
299,219.1361345255197,0.0023256434733329,0.7977667530306227,452.2541551650238,591.0089686686104,268.74606907898954
300,175.31677845957034,0.0072535760557154,0.6145393242982082,59.26677026956344,74.8193288279939,33.26801352645228
301,160.80746057358238,0.0084197259129957,0.5217546388442202,59.187292306507395,68.66701484752429,31.276946906817145
302,215.92953248468564,0.0022199308492918,0.7964476899537744,443.57410314847573,581.7115969596965,264.0543465968612
303,148.34845838145958,0.0468135189517131,0.3283553887991422,129.3139397443959,153.52957859261272,61.649865833109615
304,149.7046830429645,0.1332202599918185,0.3980454425129028,171.4324899139677,182.23694165836503,77.06617260345962
305,130.03388693399717,0.0769436276545588,0.3149384589912302,78.33588239787211,87.03298400678601,37.124326171395815
306,167.98653152678486,0.0074553616325456,0.5833531017307767,161.18565432785078,203.50953539726297,88.05428591711913
307,224.9840909129914,0.0017958120910662,0.8248399817245826,56.406609194614994,78.7275038613138,31.712774345092093
308,150.62956306282663,0.0450147713396397,0.3589136922957258,78.34972036458078,85.73617005551326,37.51116072174559
309,174.9688423915368,0.0067588114415455,0.6158414123571933,112.48379440596626,146.13086962518864,63.25325649015883
310,149.80636269967016,0.1490334220507121,0.3995988101995739,263.5854085286617,277.670063562027,117.35240451164412
311,137.65132526378295,0.0543344232651844,0.3540603792216623,758.7306037307903,801.735676752765,344.10731315584417
312,171.20152852064916,0.0067082212086758,0.5975868934175348,502.45532434097163,594.1051160169013,272.1192671594047
313,156.1767508168285,0.0145472920705404,0.4935974581179533,129.221817511433,157.6228218289002,69.63140255604482
314,160.24782322434584,0.0136103024848517,0.5171888608909747,127.51526820085635,157.28831758100927,67.88009781871266
315,126.82882135313552,0.0834975090077774,0.2863893379556176,189.49203990470988,208.88961106698352,88.50914952210618
316,125.41704950717588,0.1074663414710961,0.2901297627737951,220.1103587280815,230.44256088325432,100.18309451400987
317,153.10730564369536,0.0097651975945311,0.4745942657613567,98.03033015444578,130.83738753154367,55.914520345205034
318,103.59673152582924,0.2585205219218338,0.1502559525160934,997.0747041003293,867.8064298949164,403.50855871587135
319,188.4699984168692,0.0042945488456621,0.704352281512118,445.21940224721345,565.2004523081873,255.72586988898126
320,106.50064643539828,0.1993557277279259,0.144949360075355,1090.7624094576836,968.750404102509,453.99530424819426
321,167.10869139317427,0.0101842513949004,0.5614602421729802,60.831125354758385,75.00200313485722,33.23346400271415
322,214.9031582699507,0.0021349575594177,0.7972764135514322,442.01178993780155,577.962597117756,264.3151163930807
323,128.58814243197637,0.1064479357577972,0.3136579875704086,693.6563777418452,717.4733570656344,307.2126296446428
324,161.1077480617042,0.0123921509115682,0.5208694373021486,68.05825257504894,79.34276991322385,35.87385120960214
325,157.45416487754125,0.0544978441470435,0.4338021561823031,80.19868754119096,92.45731610319815,38.718225188535214
326,217.03307015994736,0.0019745422398708,0.8012447680921276,86.8953761186345,126.57809358944749,52.601539959527784
327,139.48603384682323,0.0162968193247944,0.3589094295751214,60.99889070036866,70.23358298590706,33.04051326061972
328,114.64209922469604,0.1697671126012749,0.1631898297311063,103.45339435308559,97.74948684254521,42.429955715340505
329,159.07927705368166,0.0422779498568331,0.4476590024385596,123.78427642439858,154.7608319656701,62.84056795732121
330,196.77359278799875,0.0036919148100528,0.7239824438153616,491.21862412997734,618.0883623428208,277.69477187597664
331,230.51957592813883,0.0015789354771473,0.8475715080884167,86.46505010033675,132.82784244731448,53.26805251543209
332,211.6315563484443,0.0024232863397647,0.7792235966442774,370.8555666444049,503.731685364035,222.9287903576289
333,151.34759546883686,0.1428818039912945,0.4100975116325936,240.8149392596439,255.54617101851997,107.70007109054076
334,125.7797708760788,0.0531254149720962,0.288343101367294,130.04154603193302,143.44759694249458,59.74914568581558
335,109.39451716132056,0.2157860938979291,0.2347412612515694,161.48877149692157,159.19282206408604,67.71712604908991
336,197.74720338496917,0.0030730748059781,0.7347660433309251,54.225095118965996,74.72638755789234,30.98061618823545
337,135.66398385872458,0.054921863090899,0.3370341287208298,780.2365990197528,810.2388486967368,350.58001998434906
338,144.77077776891807,0.074215190489009,0.2979021130319591,230.681490916782,246.754923317463,106.84339993287978
339,121.73211848309684,0.1191045453360664,0.2726229860652656,146.14372699477326,153.13857394591065,65.26629838520132
340,124.8539403956857,0.0338297041701781,0.2285308679787067,129.36029328529781,145.65172260481842,66.25376411928515
341,177.23927254176562,0.0069653018674242,0.6257133701277641,106.75580163632219,140.17412778722368,59.62751789766524
342,136.5821464845704,0.1215520798671791,0.3421768487049958,897.8200747394726,886.2491180019956,382.85703973685656
343,169.1790266035414,0.0078639758090186,0.5792166666835787,526.5497614689971,639.2759421710898,284.75276218604
344,179.09577053125122,0.0060199048940092,0.6238258715986558,55.974389008796216,77.02606557206772,32.03212504652618
345,160.45770156440506,0.0101642428670959,0.5299513421416687,530.6534530324018,604.1641854434768,284.47701715808745
346,171.292200952579,0.0067387137607933,0.5999824138153201,559.2532570955939,650.8204142769698,300.0972233682728
347,187.2014145979288,0.0044332217159839,0.6835332088407085,105.70950553624598,140.23679347577058,60.10552023794536
348,148.14825268816404,0.0116727348994834,0.4377350839474256,54.5665682659964,65.54786815680086,29.741811829739635
349,133.91919602134678,0.1860895581832337,0.265571769180865,1009.8950707143299,932.6681678452437,403.61427844833327
350,121.30554783881053,0.1353023437904955,0.2752466715421551,231.31213060563033,239.01456160960637,102.48102481483103
351,143.71349888036133,0.169408370388316,0.3655169713939508,105.45365588200343,105.11344854465177,46.23428940798653
352,197.34488902388225,0.0031424483548722,0.7367167548925331,135.8969524808906,182.21010455196813,77.57234188275984
353,76.01613107804182,0.2659030022970196,0.0332260650570773,112.36668579948585,100.13809849339667,44.002386749117
354,129.7411584132681,0.0853528540204743,0.3123358788168601,88.82904325828275,94.52351852690174,39.88824245231359
355,144.83933483923806,0.161150498120297,0.3725232248093563,272.57651275530407,277.76987113051484,120.85932614597411
356,130.19204936655058,0.032732503069483,0.3154645290353737,664.473137621033,700.5566452799578,328.0370348154442
357,179.44637023360542,0.0061766669253652,0.6225430807655229,67.01323392499955,82.4391489367667,36.50853234011113
358,127.27664983784838,0.0849316986276808,0.2935075622572102,205.46934615839365,224.51409832159626,97.47882069020756
359,120.93721839576426,0.1009028695177808,0.1879923203024376,1018.4709406010005,952.3116973767958,435.3200978854586
360,199.99874148198097,0.0034352238091307,0.7415935095994404,54.23093839510639,75.58695831411396,31.48417436773277
361,134.99103462333912,0.0191331695284777,0.3240271370693908,523.9741131859796,592.7535337262475,279.57350597163526
362,104.58625174705202,0.1304795258713918,0.1954361045083797,933.2049254680487,918.5977632664374,412.4587834423587
363,112.35150428289292,0.140578630516598,0.1635600275939158,798.5041207442631,753.5631918003896,334.09585327212017
364,115.80549661742108,0.2114188694971017,0.2687333034194401,274.76174650452526,266.4870246993012,113.91120638343494
365,223.76162299921316,0.0019177273861265,0.813575977318421,129.06462691959823,178.8809576747124,74.20801025612919
366,104.48464360270115,0.1473615476538962,0.1979559601378239,93.68469049573602,94.66194482718427,38.938705213686454
367,213.3561997247908,0.0022233670402915,0.7962660167821676,91.05979446354787,130.82719443501654,54.0771989524634
368,144.725695246432,0.0185792664611787,0.4184297395699918,626.293944560451,681.3704348235923,320.26600564560704
369,149.6510550370716,0.0175592476810534,0.4509401814405518,178.9384451328952,205.39679195142253,92.4434023066958
370,156.26381749425374,0.056139574659254,0.4293123418056849,757.1862883624455,827.4097695930664,343.5185752294248
371,223.2948044410204,0.0018553672950181,0.8195302934938374,408.4656236758515,559.9648801614619,247.7503399652366
372,157.27079414379182,0.0120048941170772,0.5064699829285987,528.7184666716084,601.9050937295998,283.24567097977774
373,164.9596793912942,0.0107143380205438,0.5469139165456253,65.49334299261625,77.70943052140122,34.51751788155661
374,129.238479714498,0.0283421587528282,0.2660584989229599,574.8703530692617,606.6338750242369,291.957548207243
375,165.3510710811025,0.0085934589897099,0.5668181463900311,160.6981475654846,197.30715391038697,87.26586512459319
376,118.19071259047936,0.1337480817858529,0.1861926211667263,179.0117673689344,178.91806503363648,74.3032064349636
377,223.12444438040345,0.0017104099312836,0.8248789606404607,412.4985370127061,569.0770273194131,249.7783297454843
378,169.9535129428954,0.0076491713747103,0.5882811967940809,513.8771852279049,610.2665820036593,278.7891933255777
379,170.6605194048101,0.0068855282299675,0.5948654929535057,56.993253745902834,75.22669915757245,33.39661628962102
380,144.3948479067143,0.0838988663063633,0.2966020294326613,946.6995056583801,907.4188197042604,393.6264697293642
381,147.5368823278706,0.1405096304269732,0.3892135633553423,139.6847401883022,148.60602988334213,60.436854633685215
382,130.61426309684137,0.0609555135447282,0.2485007138221437,697.4464333709442,699.6226009174035,303.82789498679483
383,115.51587535808277,0.1761858944356919,0.2577578778367562,105.54223548479064,103.5406121919097,43.715824606818856
384,149.5272494425416,0.0958643430099156,0.3930603445491961,189.6739669449993,216.53439597616938,88.69898753447703
385,122.197511936662,0.1379727757268759,0.2838022798590773,808.5638736632426,791.2941150003229,348.289037547334
386,218.11207365996745,0.0021724945500951,0.8067438607507585,91.56306368401019,131.96924567477987,54.61268221225767
387,116.0884190158822,0.0450280071933825,0.1754666070599306,199.47420209997927,210.10332008492458,100.29567159714827
388,138.73425742989332,0.0816162701734349,0.3434739771908401,88.8207576282773,95.11668845783637,40.012456300889376
389,119.70075084302036,0.072559912381693,0.2510172127773034,692.6708727082904,712.8870746940513,313.1271739473317
390,130.84227077974384,0.0212325978266828,0.2924107986805275,118.23437233082885,143.0752460432359,63.75474123449057
391,147.76698774436863,0.019687726493155,0.4286144331313315,185.76208174176867,211.84106456927412,96.09142105790193
392,151.72300780891413,0.0164146447908194,0.4657166637031028,555.1527112100086,614.1581575585033,285.7408447005939
393,226.76216200358212,0.0016619919525521,0.8396768124988148,352.47659125916346,507.24717173815964,219.27261633349315
394,136.17937132171895,0.1039346260704507,0.3264773251892034,228.84091708996968,243.2400905201242,106.92102193103617
395,144.3394055813493,0.088946271192395,0.2988668350524466,96.09405849121617,100.35370557750906,43.49858356774498
396,222.4846741566444,0.0017158798578145,0.8208652220297695,411.94344663945196,556.9185009190305,249.75924297430305
397,121.8326348180788,0.0335522924044411,0.2133185596835911,130.3763424659751,143.49708150476891,65.55152217651435
398,196.42397311800949,0.0033476275701626,0.7307122486783735,135.11674597601026,183.433189207821,78.36673618973597
399,123.0200893948506,0.0366645987083025,0.2283467006206389,195.20231482969965,209.75082484339453,98.31455189232534
400,155.94811528748806,0.0647060811164302,0.4369478371385319,663.4816340130944,706.0730336073781,295.8277960598185
401,127.1488398691316,0.1040235738383454,0.2966025542898793,91.31477439995106,93.270666780902,38.7958329850697
402,124.75848250345986,0.1271014006519758,0.2190634381871381,174.6825109725574,177.16452456575365,77.18904969253171
403,135.28382778992827,0.0208782021699869,0.3210589252075049,571.4706931131946,623.2345197746454,295.1683708123233
404,149.70753104442755,0.1257305712813381,0.3983192524958971,830.9930527620668,866.9520709206154,365.2378055888646
405,120.17920747913097,0.1439016390430801,0.2773871279546525,186.53596087277276,192.2103207912741,80.5884776153818
406,165.23213658198318,0.0078252162769226,0.5463277374514206,561.4638860928615,643.6720032656815,297.202706213461
407,154.2735344999701,0.0117316584446838,0.4634253449476199,491.9027202469664,565.5343407215114,263.5016774704456
408,151.24040305310348,0.0152515747448107,0.4618696861170144,532.5040780647657,601.1596438542488,281.49102563155907
409,125.32114242119394,0.109742385049322,0.2887570051698743,884.8947043256405,887.7382697200308,390.00967042449463
410,194.61867290376688,0.0032841251514473,0.7281355487230889,423.9077996888991,532.5374692144774,245.73505626123094
411,191.79451013256647,0.0037136546561029,0.709959261765145,502.3957313454925,627.3213472765981,282.8864370178276
412,203.0554648767251,0.003053842674739,0.7551646056233022,60.35277392404169,82.82167963326876,34.22380764149128
413,203.7825335533315,0.0030992487477405,0.7530846857809856,48.17097214096921,67.32781899724326,27.895959827568763
414,157.98278524475694,0.0546572583050394,0.4400321770103229,204.50163480657727,246.06236951693262,103.21924680553697
415,218.6337883901744,0.0020925038739724,0.8069817443398218,53.84330037472937,79.05920574241281,32.16660720894538
416,137.57522208776874,0.1396364413457901,0.2683752607734623,934.178192151246,890.4131044955708,386.27505674540737
417,157.2742370046147,0.0486615384476466,0.436623616827428,730.0997110664988,805.428777290987,328.12717517006524
418,165.9057502085785,0.010094109828436,0.5579369720800219,162.78525248888178,200.15273150517007,86.68294289476381
419,143.13499292287514,0.0939229778081465,0.2910270193194876,86.38319846760034,92.53942503644622,38.80256310846376
420,154.3837883401267,0.0144357338733151,0.47589980277516,169.94274044050601,203.77297642383834,90.25454382850472
421,163.56473488080138,0.0105038480362343,0.5453689743163135,166.8599981751519,204.33714102160724,89.85333810519657
422,199.70060702503756,0.0031158895251465,0.7349701427208233,470.1588091312096,601.1402557846079,269.77817387485453
423,180.7092673071738,0.0055466777560462,0.6466694134848932,55.40266295557577,73.65268948967146,32.30854479208743
424,148.76295481618715,0.131550217095301,0.3917032191595948,97.95430901107521,103.49863663781292,44.868518999357775
425,196.59004131259127,0.0037920459256592,0.7165210414607561,136.02169291481678,179.83450950894218,77.94341325388643
426,153.55049906677468,0.0131259794193011,0.4730121180379206,68.78088106261836,81.24026334268257,38.52596362276432
427,107.48771313907731,0.2230139716308768,0.1681176479107048,894.7309215563423,810.281676959462,371.3637583380529
428,109.37835999227102,0.0652812020929862,0.1425460326135539,684.8582407959318,666.3881124456204,321.9176176595341
429,196.57258068077303,0.0027845445781844,0.7363359470451581,407.9774047908243,523.4071572463038,236.82358004624942
430,127.26790505315844,0.0632708880668759,0.2334367508693067,811.2974166399572,814.99829678474,354.0587942301777
431,126.66531693853682,0.0913760657153972,0.2967871218240075,225.27486427538992,239.85690814963922,102.76754742169211
432,145.4959613801682,0.0174345999350053,0.4193775358313032,543.7039825558209,593.3663807550189,284.05051126830165
433,160.33404280013224,0.0595444243331774,0.4509914199367805,777.7178056513881,842.3982869282279,346.61541224899287
434,131.25170811331907,0.1615930632364214,0.2379862490374388,260.5768779534993,245.62654413665956,105.42545254355979
435,190.4007343477295,0.0038628895378995,0.7015699010178846,141.0828125403928,186.26175920495407,78.66219530317503
436,135.3729317267384,0.0171341509246393,0.3328942293082566,109.87329150954335,134.441319149997,60.41824922393724
437,162.5888278415907,0.0108902718636656,0.540635350531407,121.98027270103302,151.38921339807283,65.21558191152256
438,116.56134191196315,0.1984575252093423,0.2721358864833896,255.7742229359755,249.63933915999803,107.68630396890316
439,148.27291108577344,0.1437569851186451,0.3891494530341244,253.12029089189073,258.418599670152,114.99321510854298
440,229.2251867459923,0.0016538907388797,0.8340300152241062,49.55859585887226,72.73407130052006,28.44005096270836
441,105.46031679724749,0.0755880585548969,0.1144451818999468,223.20687784355596,223.13828279895856,103.24308918678811
442,201.94747042445076,0.0035280231628206,0.7572295766833211,491.5756771389009,623.0851043347442,277.90728466277506
443,195.96652229007327,0.0029366261523469,0.7328072170863684,85.14616863484714,116.01416109504979,48.81998317966985
444,162.18538702140117,0.0079677989015714,0.5377386187169865,461.31453462180167,563.8121855181541,262.0324943858594
445,153.5222168244424,0.1276136125989278,0.4226429093826419,770.0858285426441,782.6015900507782,334.6222754208994
446,115.91620405069034,0.0421952062768365,0.1739632757350363,130.9710927138559,151.7888842920927,71.03784221059155
447,140.28548484757204,0.1151562464663663,0.289577983558529,185.05093410521374,189.00806272009686,81.16067377757295
448,122.01338256847856,0.1391768403718024,0.2808529145960772,753.7159473531633,741.8721309355801,324.7236010747943
449,123.15676165662973,0.0321998345471754,0.2314160647011484,603.907763633375,639.2305280880094,300.9409380802656
450,205.7363269980004,0.0028547918221456,0.7652727213843359,475.5185256880356,606.65656974376,276.09899071615945
451,163.6749752878601,0.0287033108914248,0.4829561700884326,577.9077848664682,657.7163614486876,267.39902936606177
452,209.8237071877167,0.0024855112841472,0.7793576999688606,54.24626469721237,75.99218472851354,31.252714691692262
453,180.59164251227983,0.0060148960530881,0.6485931664037428,545.4858257468004,650.8444466438054,301.2557529699286
454,180.12441634148917,0.0060332347235318,0.6389110999879459,115.24285734713112,150.68005964729466,64.75980642701455
455,187.24386322016008,0.0048905368240591,0.6772808129860557,141.73239142870491,185.87268136204236,81.7329763075316
456,211.7692134902125,0.0026587223253622,0.781709463640579,91.37576559110556,136.35738739297415,53.15212398126965
457,110.02470461972231,0.1383394799080829,0.1377284947986261,89.85208212825913,89.62644229252405,37.87485396510537
458,145.31699468655393,0.0495083812633889,0.3828771945244353,181.27252362989282,215.598140982331,92.11995909230542
459,149.5820003216655,0.0121999951774126,0.4387741386310499,116.84001344015834,140.61864135954858,61.29414050978022
460,104.29321063534604,0.1903058927694304,0.1308643751106233,98.50790518994845,92.96951730138616,42.52034201547351
461,161.38920997152158,0.012084542691439,0.5263449570162418,120.82524194430349,151.3919409569548,68.24210810556204
462,176.37193885701095,0.0067821839434217,0.6210678566834326,105.74326077526486,140.11421387978208,59.772408743801435
463,201.34798059672625,0.003380527652833,0.7446432061376901,138.229164021293,186.21021324357883,78.9986698328459
464,152.18669389550317,0.0360933519541083,0.428862430086921,111.36857913435486,132.50695733479202,54.92647988379008
465,204.69340259655465,0.0030013485911216,0.7563459485048996,409.11665641020016,528.5750478217261,241.9830827037287
466,156.41826777413297,0.0660541883760791,0.4278941529605181,126.91734881572212,147.39141360987261,59.73747844894799
467,116.71044988804483,0.1123624590288305,0.1646857914892346,1017.391243506403,934.9318523567379,433.8854738254322
468,173.2687926516888,0.0068331111938365,0.6056866229910729,98.38998785452097,132.47771584235733,56.33949670493117
469,138.28027083754017,0.0719510584888645,0.3445652271087546,74.83734101940871,82.22837222579781,35.218730296550376
470,149.00506523965203,0.0176885159165649,0.451957667598866,547.5512612097841,607.0771544322054,288.17818194577256
471,133.50159466608318,0.1787325068652584,0.2494727908000379,107.23225132631705,101.49211912882468,46.00601486359657
472,149.53422494933346,0.0173858476731172,0.4535511655684855,129.43398355102195,155.4034355075757,68.69567197705759
473,212.88311380582493,0.0025826140812509,0.786420459068836,55.153533500681775,77.99655634977252,31.751640045482453
474,212.5134531926428,0.0020811905521887,0.7991966638881695,85.40684862754586,126.82655308871244,49.99536897710952
475,182.06301434815387,0.0045742292412348,0.6515018700505021,94.7548578927942,126.14099815411853,53.5961898136506
476,133.29853807020214,0.0519819195629683,0.2804251660181414,632.9890588198909,653.4003701298637,280.1481977098556
477,93.72445018957102,0.2255072251731824,0.1813986920751487,276.2819900169182,265.26346430933586,113.78114718001062
478,219.31427634996808,0.0024762420626423,0.8093476946392899,98.38670829944289,142.51571535132726,59.123446360614324
479,140.7902028928449,0.121967473528674,0.2913522075521433,975.0692717707641,944.6523376696326,417.3151089426263
480,119.84290910019512,0.1501548720553447,0.1811444841901799,98.96533004532637,96.79884847818309,41.93380684845924
481,189.91769209355144,0.0062561513251216,0.6716534894801147,464.5202472793442,593.8896013303502,274.7127231190686
482,146.20737155699112,0.1359930294283042,0.3829421193242709,162.43988672011443,172.84524180213523,73.85114274689582
483,135.7283906448446,0.0596511420966859,0.3356626664874271,213.37682975345774,232.60447802271392,101.49616917073156
484,138.7546628189487,0.019570486908248,0.3518576490520628,629.1815619829345,670.9132713242005,320.58776721708557
485,135.8418686722053,0.1064071098898163,0.3293809912778304,80.5650335986718,87.5732769073608,36.3863736458086
486,199.87161432441675,0.0035384358423463,0.7353450828929078,139.28007713338584,180.53680377365362,77.51089526784477
487,152.2066777470266,0.0856536043406982,0.3980595008763217,86.67798710797875,95.35352742065521,39.21538314485994
488,137.97275187175492,0.0225551913067324,0.3740836689475517,593.5508637471982,646.7762469147391,299.2952467822065
489,166.4387659317638,0.0065977356619284,0.5632392573162643,55.09681642779029,66.7621001767894,29.81199797639126
490,194.2913982394731,0.0038126568501432,0.7177057790408581,143.17359111549672,188.26505852393535,81.65671982663751
491,207.0665822968792,0.0024372730699471,0.7749113628389344,386.1856733792871,521.8571683468675,229.3650457746433
